timeStamp,elapsed,label,responseCode,responseMessage,threadName,dataType,success,failureMessage,bytes,sentBytes,grpThreads,allThreads,URL,Latency,IdleTime,Connect
1630480033556,10062,HTTP Request,200,OK,Thread Group 1-2,text,true,,142914,146,14,14,https://test.bestviewsreviews.com/search/?q=laptop,10042,0,35
1630480032869,10828,HTTP Request,200,OK,Thread Group 1-1,text,true,,142914,146,14,14,https://test.bestviewsreviews.com/search/?q=laptop,10814,0,333
1630480034388,15280,HTTP Request,200,OK,Thread Group 1-3,text,true,,142914,146,21,21,https://test.bestviewsreviews.com/search/?q=laptop,15275,0,21
1630480035225,14679,HTTP Request,200,OK,Thread Group 1-4,text,true,,142914,146,21,21,https://test.bestviewsreviews.com/search/?q=laptop,14675,0,24
1630480036062,20217,HTTP Request,200,OK,Thread Group 1-5,text,true,,142914,146,29,29,https://test.bestviewsreviews.com/search/?q=laptop,20213,0,20
1630480036901,21067,HTTP Request,200,OK,Thread Group 1-6,text,true,,142914,146,30,30,https://test.bestviewsreviews.com/search/?q=laptop,21062,0,22
1630480037726,27688,HTTP Request,200,OK,Thread Group 1-7,text,true,,142914,146,30,30,https://test.bestviewsreviews.com/search/?q=laptop,27684,0,18
1630480038558,29181,HTTP Request,200,OK,Thread Group 1-8,text,true,,142914,146,30,30,https://test.bestviewsreviews.com/search/?q=laptop,29177,0,19
1630480056042,15107,HTTP Request,200,OK,Thread Group 1-29,text,true,,142914,146,30,30,https://test.bestviewsreviews.com/search/?q=laptop,15102,0,15
1630480039388,32140,HTTP Request,200,OK,Thread Group 1-9,text,true,,142914,146,30,30,https://test.bestviewsreviews.com/search/?q=laptop,32136,0,29
1630480040218,32565,HTTP Request,200,OK,Thread Group 1-10,text,true,,142914,146,30,30,https://test.bestviewsreviews.com/search/?q=laptop,32560,0,16
1630480041054,39489,HTTP Request,200,OK,Thread Group 1-11,text,true,,142914,146,30,30,https://test.bestviewsreviews.com/search/?q=laptop,39484,0,17
1630480041890,40066,HTTP Request,200,OK,Thread Group 1-12,text,true,,142914,146,30,30,https://test.bestviewsreviews.com/search/?q=laptop,40062,0,18
1630480042722,41271,HTTP Request,200,OK,Thread Group 1-13,text,true,,142914,146,30,30,https://test.bestviewsreviews.com/search/?q=laptop,41266,0,18
1630480043630,42589,HTTP Request,200,OK,Thread Group 1-2,text,true,,142914,146,30,30,https://test.bestviewsreviews.com/search/?q=laptop,42584,0,0
1630480071150,15856,HTTP Request,200,OK,Thread Group 1-29,text,true,,142914,146,30,30,https://test.bestviewsreviews.com/search/?q=laptop,15851,0,0
1630480043699,49697,HTTP Request,200,OK,Thread Group 1-1,text,true,,142914,146,30,30,https://test.bestviewsreviews.com/search/?q=laptop,49693,0,0
1630480044388,49611,HTTP Request,200,OK,Thread Group 1-15,text,true,,142914,146,30,30,https://test.bestviewsreviews.com/search/?q=laptop,49607,0,17
1630480046053,49574,HTTP Request,200,OK,Thread Group 1-17,text,true,,142914,146,30,30,https://test.bestviewsreviews.com/search/?q=laptop,49570,0,16
1630480043560,56780,HTTP Request,200,OK,Thread Group 1-14,text,true,,142914,146,30,30,https://test.bestviewsreviews.com/search/?q=laptop,56775,0,17
1630480047715,56967,HTTP Request,200,OK,Thread Group 1-19,text,true,,142914,146,30,30,https://test.bestviewsreviews.com/search/?q=laptop,56962,0,17
1630480045221,60036,HTTP Request,504,Gateway Time-out,Thread Group 1-16,text,false,,292,146,30,30,https://test.bestviewsreviews.com/search/?q=laptop,60036,0,18
1630480046882,60034,HTTP Request,504,Gateway Time-out,Thread Group 1-18,text,false,,292,146,30,30,https://test.bestviewsreviews.com/search/?q=laptop,60034,0,16
1630480048547,60030,HTTP Request,504,Gateway Time-out,Thread Group 1-20,text,false,,292,146,30,30,https://test.bestviewsreviews.com/search/?q=laptop,60029,0,16
1630480049382,60024,HTTP Request,504,Gateway Time-out,Thread Group 1-21,text,false,,292,146,30,30,https://test.bestviewsreviews.com/search/?q=laptop,60024,0,16
1630480049669,60007,HTTP Request,504,Gateway Time-out,Thread Group 1-3,text,false,,292,146,30,30,https://test.bestviewsreviews.com/search/?q=laptop,60006,0,0
1630480049906,60010,HTTP Request,504,Gateway Time-out,Thread Group 1-4,text,false,,292,146,30,30,https://test.bestviewsreviews.com/search/?q=laptop,60009,0,0
1630480050212,60033,HTTP Request,504,Gateway Time-out,Thread Group 1-22,text,false,,292,146,30,30,https://test.bestviewsreviews.com/search/?q=laptop,60033,0,16
1630480051045,60031,HTTP Request,504,Gateway Time-out,Thread Group 1-23,text,false,,292,146,30,30,https://test.bestviewsreviews.com/search/?q=laptop,60031,0,16
1630480051885,60032,HTTP Request,504,Gateway Time-out,Thread Group 1-24,text,false,,292,146,30,30,https://test.bestviewsreviews.com/search/?q=laptop,60032,0,16
1630480052719,60027,HTTP Request,504,Gateway Time-out,Thread Group 1-25,text,false,,292,146,30,30,https://test.bestviewsreviews.com/search/?q=laptop,60027,0,17
1630480053543,60032,HTTP Request,504,Gateway Time-out,Thread Group 1-26,text,false,,292,146,30,30,https://test.bestviewsreviews.com/search/?q=laptop,60032,0,17
1630480054376,60029,HTTP Request,504,Gateway Time-out,Thread Group 1-27,text,false,,292,146,30,30,https://test.bestviewsreviews.com/search/?q=laptop,60029,0,16
1630480055216,60029,HTTP Request,504,Gateway Time-out,Thread Group 1-28,text,false,,292,146,30,30,https://test.bestviewsreviews.com/search/?q=laptop,60029,0,16
1630480056280,60005,HTTP Request,504,Gateway Time-out,Thread Group 1-5,text,false,,292,146,30,30,https://test.bestviewsreviews.com/search/?q=laptop,60005,0,0
1630480056882,60043,HTTP Request,504,Gateway Time-out,Thread Group 1-30,text,false,,292,146,30,30,https://test.bestviewsreviews.com/search/?q=laptop,60043,0,29
1630480057969,60006,HTTP Request,504,Gateway Time-out,Thread Group 1-6,text,false,,292,146,30,30,https://test.bestviewsreviews.com/search/?q=laptop,60006,0,0
1630480065415,60011,HTTP Request,504,Gateway Time-out,Thread Group 1-7,text,false,,292,146,30,30,https://test.bestviewsreviews.com/search/?q=laptop,60011,0,0
1630480067740,60007,HTTP Request,504,Gateway Time-out,Thread Group 1-8,text,false,,292,146,30,30,https://test.bestviewsreviews.com/search/?q=laptop,60006,0,0
1630480071529,60007,HTTP Request,504,Gateway Time-out,Thread Group 1-9,text,false,,292,146,30,30,https://test.bestviewsreviews.com/search/?q=laptop,60007,0,0
1630480087006,45541,HTTP Request,200,OK,Thread Group 1-29,text,true,,142914,146,30,30,https://test.bestviewsreviews.com/search/?q=laptop,45537,0,0
1630480072783,60003,HTTP Request,504,Gateway Time-out,Thread Group 1-10,text,false,,292,146,30,30,https://test.bestviewsreviews.com/search/?q=laptop,60003,0,0
1630480083993,55003,HTTP Request,200,OK,Thread Group 1-13,text,true,,142914,146,30,30,https://test.bestviewsreviews.com/search/?q=laptop,54999,0,0
1630480086219,52804,HTTP Request,200,OK,Thread Group 1-2,text,true,,142914,146,30,30,https://test.bestviewsreviews.com/search/?q=laptop,52800,0,0
1630480081956,57256,HTTP Request,200,OK,Thread Group 1-12,text,true,,142914,146,30,30,https://test.bestviewsreviews.com/search/?q=laptop,57252,0,0
1630480080544,59823,HTTP Request,200,OK,Thread Group 1-11,text,true,,142914,146,30,30,https://test.bestviewsreviews.com/search/?q=laptop,59819,0,0
1630480094000,47376,HTTP Request,200,OK,Thread Group 1-15,text,true,,142914,146,30,30,https://test.bestviewsreviews.com/search/?q=laptop,47372,0,0
1630480095627,47492,HTTP Request,200,OK,Thread Group 1-17,text,true,,142914,146,30,30,https://test.bestviewsreviews.com/search/?q=laptop,47488,0,0
1630480093396,50466,HTTP Request,200,OK,Thread Group 1-1,text,true,,142914,146,30,30,https://test.bestviewsreviews.com/search/?q=laptop,50462,0,26
1630480100339,47558,HTTP Request,200,OK,Thread Group 1-14,text,true,,142914,146,30,30,https://test.bestviewsreviews.com/search/?q=laptop,47554,0,0
1630480104681,45298,HTTP Request,200,OK,Thread Group 1-19,text,true,,142914,146,30,30,https://test.bestviewsreviews.com/search/?q=laptop,45292,0,0
1630480105258,51328,HTTP Request,200,OK,Thread Group 1-16,text,true,,142914,146,30,30,https://test.bestviewsreviews.com/search/?q=laptop,51324,0,15
1630480108577,49935,HTTP Request,200,OK,Thread Group 1-20,text,true,,142914,146,30,30,https://test.bestviewsreviews.com/search/?q=laptop,49931,0,15
1630480109676,51248,HTTP Request,200,OK,Thread Group 1-3,text,true,,142914,146,30,30,https://test.bestviewsreviews.com/search/?q=laptop,51244,0,15
1630480109916,51932,HTTP Request,200,OK,Thread Group 1-4,text,true,,142914,146,30,30,https://test.bestviewsreviews.com/search/?q=laptop,51929,0,15
1630480111076,55488,HTTP Request,200,OK,Thread Group 1-23,text,true,,142914,146,30,30,https://test.bestviewsreviews.com/search/?q=laptop,55484,0,15
1630480106916,60026,HTTP Request,504,Gateway Time-out,Thread Group 1-18,text,false,,292,146,30,30,https://test.bestviewsreviews.com/search/?q=laptop,60026,0,15
1630480109407,60026,HTTP Request,504,Gateway Time-out,Thread Group 1-21,text,false,,292,146,30,30,https://test.bestviewsreviews.com/search/?q=laptop,60026,0,15
1630480110247,60026,HTTP Request,504,Gateway Time-out,Thread Group 1-22,text,false,,292,146,30,30,https://test.bestviewsreviews.com/search/?q=laptop,60026,0,15
1630480111919,60024,HTTP Request,504,Gateway Time-out,Thread Group 1-24,text,false,,292,146,30,30,https://test.bestviewsreviews.com/search/?q=laptop,60024,0,14
1630480112747,59769,HTTP Request,200,OK,Thread Group 1-25,text,true,,142914,146,30,30,https://test.bestviewsreviews.com/search/?q=laptop,59765,0,15
1630480113576,60027,HTTP Request,504,Gateway Time-out,Thread Group 1-26,text,false,,292,146,30,30,https://test.bestviewsreviews.com/search/?q=laptop,60027,0,15
1630480114406,60027,HTTP Request,504,Gateway Time-out,Thread Group 1-27,text,false,,292,146,30,30,https://test.bestviewsreviews.com/search/?q=laptop,60027,0,15
1630480115246,60027,HTTP Request,504,Gateway Time-out,Thread Group 1-28,text,false,,292,146,30,30,https://test.bestviewsreviews.com/search/?q=laptop,60027,0,15
1630480116287,59538,HTTP Request,200,OK,Thread Group 1-5,text,true,,142914,146,30,30,https://test.bestviewsreviews.com/search/?q=laptop,59533,0,16
1630480116927,60036,HTTP Request,504,Gateway Time-out,Thread Group 1-30,text,false,,292,146,30,30,https://test.bestviewsreviews.com/search/?q=laptop,60036,0,22
1630480117977,60026,HTTP Request,504,Gateway Time-out,Thread Group 1-6,text,false,,292,146,30,30,https://test.bestviewsreviews.com/search/?q=laptop,60026,0,14
1630480125425,60037,HTTP Request,504,Gateway Time-out,Thread Group 1-7,text,false,,292,146,30,30,https://test.bestviewsreviews.com/search/?q=laptop,60037,0,17
1630480127746,60036,HTTP Request,504,Gateway Time-out,Thread Group 1-8,text,false,,292,146,30,30,https://test.bestviewsreviews.com/search/?q=laptop,60036,0,16
1630480131535,57344,HTTP Request,200,OK,Thread Group 1-9,text,true,,142914,146,30,30,https://test.bestviewsreviews.com/search/?q=laptop,57339,0,17
1630480132786,56280,HTTP Request,200,OK,Thread Group 1-10,text,true,,142914,146,30,30,https://test.bestviewsreviews.com/search/?q=laptop,56274,0,16
1630480132546,60036,HTTP Request,504,Gateway Time-out,Thread Group 1-29,text,false,,292,146,30,30,https://test.bestviewsreviews.com/search/?q=laptop,60036,0,16
1630480138997,55264,HTTP Request,200,OK,Thread Group 1-13,text,true,,142914,146,30,30,https://test.bestviewsreviews.com/search/?q=laptop,55260,0,16
1630480139213,56532,HTTP Request,200,OK,Thread Group 1-12,text,true,,142914,146,30,30,https://test.bestviewsreviews.com/search/?q=laptop,56527,0,16
1630480139023,57283,HTTP Request,200,OK,Thread Group 1-2,text,true,,142914,146,30,30,https://test.bestviewsreviews.com/search/?q=laptop,57279,0,16
1630480141377,55125,HTTP Request,200,OK,Thread Group 1-15,text,true,,142914,146,30,30,https://test.bestviewsreviews.com/search/?q=laptop,55120,0,16
1630480140369,56764,HTTP Request,200,OK,Thread Group 1-11,text,true,,142914,146,30,30,https://test.bestviewsreviews.com/search/?q=laptop,56760,0,16
1630480147897,50050,HTTP Request,200,OK,Thread Group 1-14,text,true,,142914,146,30,30,https://test.bestviewsreviews.com/search/?q=laptop,50045,0,16
1630480149979,48647,HTTP Request,200,OK,Thread Group 1-19,text,true,,142914,146,30,30,https://test.bestviewsreviews.com/search/?q=laptop,48643,0,17
1630480143862,55046,HTTP Request,200,OK,Thread Group 1-1,text,true,,142914,146,30,30,https://test.bestviewsreviews.com/search/?q=laptop,55042,0,0
1630480143119,55955,HTTP Request,200,OK,Thread Group 1-17,text,true,,142914,146,30,30,https://test.bestviewsreviews.com/search/?q=laptop,55951,0,16
1630480158513,49412,HTTP Request,200,OK,Thread Group 1-20,text,true,,142914,146,30,30,https://test.bestviewsreviews.com/search/?q=laptop,49408,0,0
1630480156586,51428,HTTP Request,200,OK,Thread Group 1-16,text,true,,142914,146,30,30,https://test.bestviewsreviews.com/search/?q=laptop,51424,0,0
1630480160924,48290,HTTP Request,200,OK,Thread Group 1-3,text,true,,142914,146,30,30,https://test.bestviewsreviews.com/search/?q=laptop,48286,0,0
1630480161849,49451,HTTP Request,200,OK,Thread Group 1-4,text,true,,142914,146,30,30,https://test.bestviewsreviews.com/search/?q=laptop,49447,0,0
1630480166565,50666,HTTP Request,200,OK,Thread Group 1-23,text,true,,142914,146,30,30,https://test.bestviewsreviews.com/search/?q=laptop,50662,0,0
1630480166944,50574,HTTP Request,200,OK,Thread Group 1-18,text,true,,142914,146,30,30,https://test.bestviewsreviews.com/search/?q=laptop,50569,0,18
1630480170274,48487,HTTP Request,200,OK,Thread Group 1-22,text,true,,142914,146,30,30,https://test.bestviewsreviews.com/search/?q=laptop,48483,0,16
1630480172516,49041,HTTP Request,200,OK,Thread Group 1-25,text,true,,142914,146,30,30,https://test.bestviewsreviews.com/search/?q=laptop,49037,0,0
1630480169434,52542,HTTP Request,200,OK,Thread Group 1-21,text,true,,142914,146,30,30,https://test.bestviewsreviews.com/search/?q=laptop,52536,0,15
1630480174433,48320,HTTP Request,200,OK,Thread Group 1-27,text,true,,142914,146,30,30,https://test.bestviewsreviews.com/search/?q=laptop,48316,0,16
1630480173602,50510,HTTP Request,200,OK,Thread Group 1-26,text,true,,142914,146,30,30,https://test.bestviewsreviews.com/search/?q=laptop,50505,0,16
1630480178003,48819,HTTP Request,200,OK,Thread Group 1-6,text,true,,142914,146,30,30,https://test.bestviewsreviews.com/search/?q=laptop,48815,0,16
1630480171943,55761,HTTP Request,200,OK,Thread Group 1-24,text,true,,142914,146,30,30,https://test.bestviewsreviews.com/search/?q=laptop,55756,0,16
1630480176963,51403,HTTP Request,200,OK,Thread Group 1-30,text,true,,142914,146,30,30,https://test.bestviewsreviews.com/search/?q=laptop,51398,0,16
1630480175273,55627,HTTP Request,200,OK,Thread Group 1-28,text,true,,142914,146,30,30,https://test.bestviewsreviews.com/search/?q=laptop,55621,0,16
1630480175824,56069,HTTP Request,200,OK,Thread Group 1-5,text,true,,142914,146,30,30,https://test.bestviewsreviews.com/search/?q=laptop,56060,0,0
1630480187783,49060,HTTP Request,200,OK,Thread Group 1-8,text,true,,142914,146,30,30,https://test.bestviewsreviews.com/search/?q=laptop,49056,0,17
1630480185462,54403,HTTP Request,200,OK,Thread Group 1-7,text,true,,142914,146,30,30,https://test.bestviewsreviews.com/search/?q=laptop,54398,0,17
1630480192583,50500,HTTP Request,200,OK,Thread Group 1-29,text,true,,142914,146,30,30,https://test.bestviewsreviews.com/search/?q=laptop,50496,0,28
1630480189067,54941,HTTP Request,200,OK,Thread Group 1-10,text,true,,142914,146,30,30,https://test.bestviewsreviews.com/search/?q=laptop,54937,0,0
1630480188880,55534,HTTP Request,200,OK,Thread Group 1-9,text,true,,142914,146,30,30,https://test.bestviewsreviews.com/search/?q=laptop,55530,0,0
1630480194261,52389,HTTP Request,200,OK,Thread Group 1-13,text,true,,142914,146,30,30,https://test.bestviewsreviews.com/search/?q=laptop,52385,0,0
1630480195746,50909,HTTP Request,200,OK,Thread Group 1-12,text,true,,142914,146,30,30,https://test.bestviewsreviews.com/search/?q=laptop,50904,0,0
1630480196502,50673,HTTP Request,200,OK,Thread Group 1-15,text,true,,142914,146,30,30,https://test.bestviewsreviews.com/search/?q=laptop,50668,0,0
1630480198627,52533,HTTP Request,200,OK,Thread Group 1-19,text,true,,142914,146,30,30,https://test.bestviewsreviews.com/search/?q=laptop,52525,0,0
1630480199074,54694,HTTP Request,200,OK,Thread Group 1-17,text,true,,142914,146,30,30,https://test.bestviewsreviews.com/search/?q=laptop,54689,0,0
1630480197947,56876,HTTP Request,200,OK,Thread Group 1-14,text,true,,142914,146,30,30,https://test.bestviewsreviews.com/search/?q=laptop,56873,0,0
1630480197134,59024,HTTP Request,200,OK,Thread Group 1-11,text,true,,142914,146,30,30,https://test.bestviewsreviews.com/search/?q=laptop,59018,0,0
1630480198907,57336,HTTP Request,200,OK,Thread Group 1-1,text,true,,142914,146,30,30,https://test.bestviewsreviews.com/search/?q=laptop,57332,0,16
1630480196306,60008,HTTP Request,504,Gateway Time-out,Thread Group 1-2,text,false,,292,146,30,30,https://test.bestviewsreviews.com/search/?q=laptop,60008,0,0
1630480209214,49065,HTTP Request,200,OK,Thread Group 1-3,text,true,,142914,146,30,30,https://test.bestviewsreviews.com/search/?q=laptop,49061,0,14
1630480207924,52793,HTTP Request,200,OK,Thread Group 1-20,text,true,,142914,146,30,30,https://test.bestviewsreviews.com/search/?q=laptop,52787,0,15
1630480217231,47876,HTTP Request,200,OK,Thread Group 1-23,text,true,,142914,146,30,30,https://test.bestviewsreviews.com/search/?q=laptop,47872,0,15
1630480208014,57765,HTTP Request,200,OK,Thread Group 1-16,text,true,,142914,146,30,30,https://test.bestviewsreviews.com/search/?q=laptop,57761,0,17
1630480211299,55014,HTTP Request,200,OK,Thread Group 1-4,text,true,,142914,146,30,30,https://test.bestviewsreviews.com/search/?q=laptop,55005,0,15
1630480217518,49776,HTTP Request,200,OK,Thread Group 1-18,text,true,,142914,146,30,30,https://test.bestviewsreviews.com/search/?q=laptop,49771,0,0
1630480218762,50356,HTTP Request,200,OK,Thread Group 1-22,text,true,,142914,146,30,30,https://test.bestviewsreviews.com/search/?q=laptop,50351,0,0
1630480222755,49224,HTTP Request,200,OK,Thread Group 1-27,text,true,,142914,146,30,30,https://test.bestviewsreviews.com/search/?q=laptop,49220,0,0
1630480221558,52132,HTTP Request,200,OK,Thread Group 1-25,text,true,,142914,146,30,30,https://test.bestviewsreviews.com/search/?q=laptop,52129,0,14
1630480226823,48666,HTTP Request,200,OK,Thread Group 1-6,text,true,,142914,146,30,30,https://test.bestviewsreviews.com/search/?q=laptop,48663,0,0
1630480224114,53902,HTTP Request,200,OK,Thread Group 1-26,text,true,,142914,146,30,30,https://test.bestviewsreviews.com/search/?q=laptop,53898,0,0
1630480227704,50599,HTTP Request,200,OK,Thread Group 1-24,text,true,,142914,146,30,30,https://test.bestviewsreviews.com/search/?q=laptop,50595,0,0
1630480228366,50372,HTTP Request,200,OK,Thread Group 1-30,text,true,,142914,146,30,30,https://test.bestviewsreviews.com/search/?q=laptop,50368,0,0
1630480221976,56905,HTTP Request,200,OK,Thread Group 1-21,text,true,,142914,146,30,30,https://test.bestviewsreviews.com/search/?q=laptop,56901,0,0
1630480230901,49077,HTTP Request,200,OK,Thread Group 1-28,text,true,,142914,146,30,30,https://test.bestviewsreviews.com/search/?q=laptop,49074,0,0
1630480231894,48688,HTTP Request,200,OK,Thread Group 1-5,text,true,,142914,146,30,30,https://test.bestviewsreviews.com/search/?q=laptop,48685,0,20
1630480236844,44142,HTTP Request,200,OK,Thread Group 1-8,text,true,,142914,146,30,30,https://test.bestviewsreviews.com/search/?q=laptop,44139,0,0
1630480239865,48004,HTTP Request,200,OK,Thread Group 1-7,text,true,,142914,146,30,30,https://test.bestviewsreviews.com/search/?q=laptop,48000,0,0
1630480243084,46733,HTTP Request,200,OK,Thread Group 1-29,text,true,,142914,146,30,30,https://test.bestviewsreviews.com/search/?q=laptop,46729,0,0
1630480244009,48229,HTTP Request,200,OK,Thread Group 1-10,text,true,,142914,146,30,30,https://test.bestviewsreviews.com/search/?q=laptop,48227,0,14
1630480244415,48874,HTTP Request,200,OK,Thread Group 1-9,text,true,,142914,146,30,30,https://test.bestviewsreviews.com/search/?q=laptop,48871,0,14
1630480247175,47211,HTTP Request,200,OK,Thread Group 1-15,text,true,,142914,146,30,30,https://test.bestviewsreviews.com/search/?q=laptop,47209,0,14
1630480246650,48077,HTTP Request,200,OK,Thread Group 1-13,text,true,,142914,146,30,30,https://test.bestviewsreviews.com/search/?q=laptop,48074,0,15
1630480246655,48559,HTTP Request,200,OK,Thread Group 1-12,text,true,,142914,146,30,30,https://test.bestviewsreviews.com/search/?q=laptop,48556,0,14
1630480251161,45573,HTTP Request,200,OK,Thread Group 1-19,text,true,,142914,146,30,30,https://test.bestviewsreviews.com/search/?q=laptop,45570,0,16
1630480253768,47661,HTTP Request,200,OK,Thread Group 1-17,text,true,,142914,146,30,30,https://test.bestviewsreviews.com/search/?q=laptop,47659,0,14
1630480254824,49044,HTTP Request,200,OK,Thread Group 1-14,text,true,,142914,146,30,30,https://test.bestviewsreviews.com/search/?q=laptop,49041,0,14
1630480256244,47696,HTTP Request,200,OK,Thread Group 1-1,text,true,,142914,146,30,30,https://test.bestviewsreviews.com/search/?q=laptop,47693,0,0
1630480256158,48254,HTTP Request,200,OK,Thread Group 1-11,text,true,,142914,146,30,30,https://test.bestviewsreviews.com/search/?q=laptop,48249,0,15
1630480258279,47205,HTTP Request,200,OK,Thread Group 1-3,text,true,,142914,146,30,30,https://test.bestviewsreviews.com/search/?q=laptop,47202,0,0
1630480256313,51349,HTTP Request,200,OK,Thread Group 1-2,text,true,,142914,146,30,30,https://test.bestviewsreviews.com/search/?q=laptop,51346,0,15
1630480260718,47088,HTTP Request,200,OK,Thread Group 1-20,text,true,,142914,146,30,30,https://test.bestviewsreviews.com/search/?q=laptop,47085,0,0
1630480265106,44749,HTTP Request,200,OK,Thread Group 1-23,text,true,,142914,146,30,30,https://test.bestviewsreviews.com/search/?q=laptop,44746,0,0
1630480267293,47305,HTTP Request,200,OK,Thread Group 1-18,text,true,,142914,146,30,30,https://test.bestviewsreviews.com/search/?q=laptop,47301,0,18
1630480265779,50408,HTTP Request,200,OK,Thread Group 1-16,text,true,,142914,146,30,30,https://test.bestviewsreviews.com/search/?q=laptop,50406,0,0
1630480266313,51862,HTTP Request,200,OK,Thread Group 1-4,text,true,,142914,146,30,30,https://test.bestviewsreviews.com/search/?q=laptop,51858,0,0
1630480275490,44352,HTTP Request,200,OK,Thread Group 1-6,text,true,,142914,146,30,30,https://test.bestviewsreviews.com/search/?q=laptop,44349,0,16
1630480271979,47889,HTTP Request,200,OK,Thread Group 1-27,text,true,,142914,146,30,30,https://test.bestviewsreviews.com/search/?q=laptop,47885,0,17
1630480269118,50943,HTTP Request,200,OK,Thread Group 1-22,text,true,,142914,146,30,30,https://test.bestviewsreviews.com/search/?q=laptop,50939,0,17
1630480273690,51317,HTTP Request,200,OK,Thread Group 1-25,text,true,,142914,146,30,30,https://test.bestviewsreviews.com/search/?q=laptop,51314,0,0
1630480278738,47631,HTTP Request,200,OK,Thread Group 1-30,text,true,,142914,146,30,30,https://test.bestviewsreviews.com/search/?q=laptop,47627,0,17
1630480278881,47581,HTTP Request,200,OK,Thread Group 1-21,text,true,,142914,146,30,30,https://test.bestviewsreviews.com/search/?q=laptop,47577,0,16
1630480278015,52161,HTTP Request,200,OK,Thread Group 1-26,text,true,,142914,146,30,30,https://test.bestviewsreviews.com/search/?q=laptop,52157,0,17
1630480278302,55666,HTTP Request,200,OK,Thread Group 1-24,text,true,,142914,146,30,30,https://test.bestviewsreviews.com/search/?q=laptop,55663,0,17
1630480279979,54564,HTTP Request,200,OK,Thread Group 1-28,text,true,,142914,146,30,30,https://test.bestviewsreviews.com/search/?q=laptop,54560,0,16
1630480280582,54120,HTTP Request,200,OK,Thread Group 1-5,text,true,,142914,146,30,30,https://test.bestviewsreviews.com/search/?q=laptop,54118,0,0
1630480280989,53923,HTTP Request,200,OK,Thread Group 1-8,text,true,,142914,146,30,30,https://test.bestviewsreviews.com/search/?q=laptop,53919,0,17
1630480294727,45396,HTTP Request,200,OK,Thread Group 1-13,text,true,,142914,146,30,30,https://test.bestviewsreviews.com/search/?q=laptop,45394,0,0
1630480287869,52282,HTTP Request,200,OK,Thread Group 1-7,text,true,,142914,146,30,30,https://test.bestviewsreviews.com/search/?q=laptop,52279,0,17
1630480296734,48615,HTTP Request,200,OK,Thread Group 1-19,text,true,,142914,146,30,30,https://test.bestviewsreviews.com/search/?q=laptop,48612,0,0
1630480289816,55946,HTTP Request,200,OK,Thread Group 1-29,text,true,,142914,146,30,30,https://test.bestviewsreviews.com/search/?q=laptop,55942,0,16
1630480293289,52862,HTTP Request,200,OK,Thread Group 1-9,text,true,,142914,146,30,30,https://test.bestviewsreviews.com/search/?q=laptop,52860,0,0
1630480292239,54599,HTTP Request,200,OK,Thread Group 1-10,text,true,,142914,146,30,30,https://test.bestviewsreviews.com/search/?q=laptop,54597,0,0
1630480294387,52706,HTTP Request,200,OK,Thread Group 1-15,text,true,,142914,146,30,30,https://test.bestviewsreviews.com/search/?q=laptop,52704,0,0
1630480295214,53506,HTTP Request,200,OK,Thread Group 1-12,text,true,,142914,146,30,30,https://test.bestviewsreviews.com/search/?q=laptop,53503,0,0
1630480301431,50083,HTTP Request,200,OK,Thread Group 1-17,text,true,,142914,146,30,30,https://test.bestviewsreviews.com/search/?q=laptop,50081,0,0
1630480305484,48381,HTTP Request,200,OK,Thread Group 1-3,text,true,,142914,146,30,30,https://test.bestviewsreviews.com/search/?q=laptop,48377,0,18
1630480307807,47019,HTTP Request,200,OK,Thread Group 1-20,text,true,,142914,146,30,30,https://test.bestviewsreviews.com/search/?q=laptop,47015,0,16
1630480304413,51259,HTTP Request,200,OK,Thread Group 1-11,text,true,,142914,146,30,30,https://test.bestviewsreviews.com/search/?q=laptop,51257,0,0
1630480303940,52298,HTTP Request,200,OK,Thread Group 1-1,text,true,,142914,146,30,30,https://test.bestviewsreviews.com/search/?q=laptop,52295,0,23
1630480303868,53058,HTTP Request,200,OK,Thread Group 1-14,text,true,,142914,146,30,30,https://test.bestviewsreviews.com/search/?q=laptop,53056,0,0
1630480307662,53788,HTTP Request,200,OK,Thread Group 1-2,text,true,,142914,146,30,30,https://test.bestviewsreviews.com/search/?q=laptop,53784,0,0
1630480309855,53867,HTTP Request,200,OK,Thread Group 1-23,text,true,,142914,146,30,30,https://test.bestviewsreviews.com/search/?q=laptop,53864,0,17
1630480316187,48607,HTTP Request,200,OK,Thread Group 1-16,text,true,,142914,146,30,30,https://test.bestviewsreviews.com/search/?q=laptop,48603,0,17
1630480319843,45819,HTTP Request,200,OK,Thread Group 1-6,text,true,,142914,146,30,30,https://test.bestviewsreviews.com/search/?q=laptop,45815,0,0
1630480314598,51464,HTTP Request,200,OK,Thread Group 1-18,text,true,,142914,146,30,30,https://test.bestviewsreviews.com/search/?q=laptop,51460,0,0
1630480318176,48814,HTTP Request,200,OK,Thread Group 1-4,text,true,,142914,146,30,30,https://test.bestviewsreviews.com/search/?q=laptop,48810,0,17
1630480319869,49708,HTTP Request,200,OK,Thread Group 1-27,text,true,,142914,146,30,30,https://test.bestviewsreviews.com/search/?q=laptop,49704,0,0
1630480325007,47419,HTTP Request,200,OK,Thread Group 1-25,text,true,,142914,146,30,30,https://test.bestviewsreviews.com/search/?q=laptop,47415,0,17
1630480326464,46229,HTTP Request,200,OK,Thread Group 1-21,text,true,,142914,146,30,30,https://test.bestviewsreviews.com/search/?q=laptop,46225,0,0
1630480320062,53070,HTTP Request,200,OK,Thread Group 1-22,text,true,,142914,146,30,30,https://test.bestviewsreviews.com/search/?q=laptop,53066,0,0
1630480330176,43731,HTTP Request,200,OK,Thread Group 1-26,text,true,,142914,146,30,30,https://test.bestviewsreviews.com/search/?q=laptop,43728,0,0
1630480326370,48154,HTTP Request,200,OK,Thread Group 1-30,text,true,,142914,146,30,30,https://test.bestviewsreviews.com/search/?q=laptop,48150,0,0
1630480334703,44207,HTTP Request,200,OK,Thread Group 1-5,text,true,,142914,146,30,30,https://test.bestviewsreviews.com/search/?q=laptop,44204,0,17
1630480334913,45387,HTTP Request,200,OK,Thread Group 1-8,text,true,,142914,146,30,30,https://test.bestviewsreviews.com/search/?q=laptop,45383,0,0
1630480333969,47368,HTTP Request,200,OK,Thread Group 1-24,text,true,,142914,146,30,30,https://test.bestviewsreviews.com/search/?q=laptop,47364,0,0
1630480334543,48459,HTTP Request,200,OK,Thread Group 1-28,text,true,,142914,146,30,30,https://test.bestviewsreviews.com/search/?q=laptop,48455,0,0
1630480340123,45975,HTTP Request,200,OK,Thread Group 1-13,text,true,,142914,146,30,30,https://test.bestviewsreviews.com/search/?q=laptop,45972,0,15
1630480340152,46868,HTTP Request,200,OK,Thread Group 1-7,text,true,,142914,146,30,30,https://test.bestviewsreviews.com/search/?q=laptop,46864,0,0
1630480346840,45240,HTTP Request,200,OK,Thread Group 1-10,text,true,,142914,146,30,30,https://test.bestviewsreviews.com/search/?q=laptop,45237,0,15
1630480345763,47663,HTTP Request,200,OK,Thread Group 1-29,text,true,,142914,146,30,30,https://test.bestviewsreviews.com/search/?q=laptop,47658,0,0
1630480345349,48616,HTTP Request,200,OK,Thread Group 1-19,text,true,,142914,146,30,30,https://test.bestviewsreviews.com/search/?q=laptop,48613,0,15
1630480351515,42711,HTTP Request,200,OK,Thread Group 1-17,text,true,,142914,146,30,30,https://test.bestviewsreviews.com/search/?q=laptop,42708,0,16
1630480348720,46523,HTTP Request,200,OK,Thread Group 1-12,text,true,,142914,146,30,30,https://test.bestviewsreviews.com/search/?q=laptop,46520,0,16
1630480347094,49218,HTTP Request,200,OK,Thread Group 1-15,text,true,,142914,146,30,30,https://test.bestviewsreviews.com/search/?q=laptop,49214,0,15
1630480346152,51260,HTTP Request,200,OK,Thread Group 1-9,text,true,,142914,146,30,30,https://test.bestviewsreviews.com/search/?q=laptop,51257,0,15
1630480354827,47910,HTTP Request,200,OK,Thread Group 1-20,text,true,,142914,146,30,30,https://test.bestviewsreviews.com/search/?q=laptop,47906,0,0
1630480355673,49510,HTTP Request,200,OK,Thread Group 1-11,text,true,,142914,146,30,30,https://test.bestviewsreviews.com/search/?q=laptop,49508,0,16
1630480353867,51533,HTTP Request,200,OK,Thread Group 1-3,text,true,,142914,146,30,30,https://test.bestviewsreviews.com/search/?q=laptop,51529,0,0
1630480356928,49241,HTTP Request,200,OK,Thread Group 1-14,text,true,,142914,146,30,30,https://test.bestviewsreviews.com/search/?q=laptop,49239,0,15
1630480356240,52557,HTTP Request,200,OK,Thread Group 1-1,text,true,,142914,146,30,30,https://test.bestviewsreviews.com/search/?q=laptop,52553,0,0
1630480361450,50939,HTTP Request,200,OK,Thread Group 1-2,text,true,,142914,146,30,30,https://test.bestviewsreviews.com/search/?q=laptop,50936,0,15
1630480364794,49234,HTTP Request,200,OK,Thread Group 1-16,text,true,,142914,146,30,30,https://test.bestviewsreviews.com/search/?q=laptop,49230,0,0
1630480363723,51946,HTTP Request,200,OK,Thread Group 1-23,text,true,,142914,146,30,30,https://test.bestviewsreviews.com/search/?q=laptop,51942,0,0
1630480366990,51703,HTTP Request,200,OK,Thread Group 1-4,text,true,,142914,146,30,30,https://test.bestviewsreviews.com/search/?q=laptop,51699,0,0
1630480366063,52677,HTTP Request,200,OK,Thread Group 1-18,text,true,,142914,146,30,30,https://test.bestviewsreviews.com/search/?q=laptop,52674,0,15
1630480365661,53438,HTTP Request,200,OK,Thread Group 1-6,text,true,,142914,146,30,30,https://test.bestviewsreviews.com/search/?q=laptop,53435,0,18
1630480369577,51211,HTTP Request,200,OK,Thread Group 1-27,text,true,,142914,146,30,30,https://test.bestviewsreviews.com/search/?q=laptop,51207,0,15
1630480374525,51065,HTTP Request,200,OK,Thread Group 1-30,text,true,,142914,146,30,30,https://test.bestviewsreviews.com/search/?q=laptop,51062,0,15
1630480373132,52499,HTTP Request,200,OK,Thread Group 1-22,text,true,,142914,146,30,30,https://test.bestviewsreviews.com/search/?q=laptop,52496,0,15
1630480372693,53727,HTTP Request,200,OK,Thread Group 1-21,text,true,,142914,146,30,30,https://test.bestviewsreviews.com/search/?q=laptop,53724,0,15
1630480372426,55195,HTTP Request,200,OK,Thread Group 1-25,text,true,,142914,146,30,30,https://test.bestviewsreviews.com/search/?q=laptop,55191,0,0
1630480373909,56434,HTTP Request,200,OK,Thread Group 1-26,text,true,,142914,146,30,30,https://test.bestviewsreviews.com/search/?q=laptop,56431,0,15
1630480378911,53063,HTTP Request,200,OK,Thread Group 1-5,text,true,,142914,146,30,30,https://test.bestviewsreviews.com/search/?q=laptop,53060,0,0
1630480380302,54050,HTTP Request,200,OK,Thread Group 1-8,text,true,,142914,146,30,30,https://test.bestviewsreviews.com/search/?q=laptop,54047,0,16
1630480381338,53567,HTTP Request,200,OK,Thread Group 1-24,text,true,,142914,146,30,30,https://test.bestviewsreviews.com/search/?q=laptop,53564,0,16
1630480383003,52107,HTTP Request,200,OK,Thread Group 1-28,text,true,,142914,146,30,30,https://test.bestviewsreviews.com/search/?q=laptop,52104,0,15
1630480386098,50506,HTTP Request,200,OK,Thread Group 1-13,text,true,,142914,146,30,30,https://test.bestviewsreviews.com/search/?q=laptop,50504,0,0
1630480387020,50410,HTTP Request,200,OK,Thread Group 1-7,text,true,,142914,146,30,30,https://test.bestviewsreviews.com/search/?q=laptop,50407,0,17
1630480392079,53216,HTTP Request,200,OK,Thread Group 1-10,text,true,,142914,146,30,30,https://test.bestviewsreviews.com/search/?q=laptop,53214,0,0
1630480394226,51420,HTTP Request,200,OK,Thread Group 1-17,text,true,,142914,146,30,30,https://test.bestviewsreviews.com/search/?q=laptop,51418,0,0
1630480395243,52124,HTTP Request,200,OK,Thread Group 1-12,text,true,,142914,146,30,30,https://test.bestviewsreviews.com/search/?q=laptop,52120,0,0
1630480396312,51719,HTTP Request,200,OK,Thread Group 1-15,text,true,,142914,146,30,30,https://test.bestviewsreviews.com/search/?q=laptop,51716,0,0
1630480393966,54302,HTTP Request,200,OK,Thread Group 1-19,text,true,,142914,146,30,30,https://test.bestviewsreviews.com/search/?q=laptop,54299,0,0
1630480393426,55635,HTTP Request,200,OK,Thread Group 1-29,text,true,,142914,146,30,30,https://test.bestviewsreviews.com/search/?q=laptop,55630,0,15
1630480397412,52972,HTTP Request,200,OK,Thread Group 1-9,text,true,,142914,146,30,30,https://test.bestviewsreviews.com/search/?q=laptop,52969,0,0
1630480405400,45253,HTTP Request,200,OK,Thread Group 1-3,text,true,,142914,146,30,30,https://test.bestviewsreviews.com/search/?q=laptop,45250,0,14
1630480402737,49538,HTTP Request,200,OK,Thread Group 1-20,text,true,,142914,146,30,30,https://test.bestviewsreviews.com/search/?q=laptop,49536,0,16
1630480406170,49714,HTTP Request,200,OK,Thread Group 1-14,text,true,,142914,146,30,30,https://test.bestviewsreviews.com/search/?q=laptop,49712,0,0
1630480405184,51219,HTTP Request,200,OK,Thread Group 1-11,text,true,,142914,146,30,30,https://test.bestviewsreviews.com/search/?q=laptop,51217,0,0
1630480408796,48175,HTTP Request,200,OK,Thread Group 1-1,text,true,,142914,146,30,30,https://test.bestviewsreviews.com/search/?q=laptop,48173,0,15
1630480414028,47063,HTTP Request,200,OK,Thread Group 1-16,text,true,,142914,146,30,30,https://test.bestviewsreviews.com/search/?q=laptop,47061,0,15
1630480412390,49854,HTTP Request,200,OK,Thread Group 1-2,text,true,,142914,146,30,30,https://test.bestviewsreviews.com/search/?q=laptop,49851,0,0
1630480415669,46943,HTTP Request,200,OK,Thread Group 1-23,text,true,,142914,146,30,30,https://test.bestviewsreviews.com/search/?q=laptop,46940,0,20
1630480418741,43937,HTTP Request,200,OK,Thread Group 1-18,text,true,,142914,146,30,30,https://test.bestviewsreviews.com/search/?q=laptop,43935,0,0
1630480418695,45321,HTTP Request,200,OK,Thread Group 1-4,text,true,,142914,146,30,30,https://test.bestviewsreviews.com/search/?q=laptop,45318,0,15
1630480419101,49702,HTTP Request,200,OK,Thread Group 1-6,text,true,,142914,146,30,30,https://test.bestviewsreviews.com/search/?q=laptop,49699,0,0
1630480420788,48242,HTTP Request,200,OK,Thread Group 1-27,text,true,,142914,146,30,30,https://test.bestviewsreviews.com/search/?q=laptop,48240,0,0
1630480426421,46218,HTTP Request,200,OK,Thread Group 1-21,text,true,,142914,146,30,30,https://test.bestviewsreviews.com/search/?q=laptop,46215,0,0
1630480425631,48435,HTTP Request,200,OK,Thread Group 1-22,text,true,,142914,146,30,30,https://test.bestviewsreviews.com/search/?q=laptop,48432,0,0
1630480425591,48751,HTTP Request,200,OK,Thread Group 1-30,text,true,,142914,146,30,30,https://test.bestviewsreviews.com/search/?q=laptop,48749,0,0
1630480427621,49320,HTTP Request,200,OK,Thread Group 1-25,text,true,,142914,146,30,30,https://test.bestviewsreviews.com/search/?q=laptop,49317,0,15
1630480430343,46955,HTTP Request,200,OK,Thread Group 1-26,text,true,,142914,146,30,30,https://test.bestviewsreviews.com/search/?q=laptop,46953,0,0
1630480431974,45329,HTTP Request,200,OK,Thread Group 1-5,text,true,,142914,146,30,30,https://test.bestviewsreviews.com/search/?q=laptop,45326,0,15
1630480437430,42940,HTTP Request,200,OK,Thread Group 1-7,text,true,,142914,146,30,30,https://test.bestviewsreviews.com/search/?q=laptop,42937,0,0
1630480435110,48575,HTTP Request,200,OK,Thread Group 1-28,text,true,,142914,146,30,30,https://test.bestviewsreviews.com/search/?q=laptop,48573,0,0
1630480434352,49845,HTTP Request,200,OK,Thread Group 1-8,text,true,,142914,146,30,30,https://test.bestviewsreviews.com/search/?q=laptop,49842,0,0
1630480434904,49364,HTTP Request,200,OK,Thread Group 1-24,text,true,,142914,146,30,30,https://test.bestviewsreviews.com/search/?q=laptop,49361,0,0
1630480436605,49979,HTTP Request,200,OK,Thread Group 1-13,text,true,,142914,146,30,30,https://test.bestviewsreviews.com/search/?q=laptop,49976,0,25
1630480447367,44838,HTTP Request,200,OK,Thread Group 1-12,text,true,,142914,146,30,30,https://test.bestviewsreviews.com/search/?q=laptop,44835,0,15
1630480445296,52308,HTTP Request,200,OK,Thread Group 1-10,text,true,,142914,146,30,30,https://test.bestviewsreviews.com/search/?q=laptop,52305,0,15
1630480445646,52353,HTTP Request,200,OK,Thread Group 1-17,text,true,,142914,146,30,30,https://test.bestviewsreviews.com/search/?q=laptop,52350,0,18
1630480450653,48096,HTTP Request,200,OK,Thread Group 1-3,text,true,,142914,146,30,30,https://test.bestviewsreviews.com/search/?q=laptop,48093,0,0
1630480448269,52717,HTTP Request,200,OK,Thread Group 1-19,text,true,,142914,146,30,30,https://test.bestviewsreviews.com/search/?q=laptop,52714,0,14
1630480448032,55110,HTTP Request,200,OK,Thread Group 1-15,text,true,,142914,146,30,30,https://test.bestviewsreviews.com/search/?q=laptop,55108,0,16
1630480450384,52945,HTTP Request,200,OK,Thread Group 1-9,text,true,,142914,146,30,30,https://test.bestviewsreviews.com/search/?q=laptop,52943,0,15
1630480449061,55463,HTTP Request,200,OK,Thread Group 1-29,text,true,,142914,146,30,30,https://test.bestviewsreviews.com/search/?q=laptop,55461,0,0
1630480456404,48341,HTTP Request,200,OK,Thread Group 1-11,text,true,,142914,146,30,30,https://test.bestviewsreviews.com/search/?q=laptop,48338,0,15
1630480461093,48908,HTTP Request,200,OK,Thread Group 1-16,text,true,,142914,146,30,30,https://test.bestviewsreviews.com/search/?q=laptop,48905,0,0
1630480452276,57774,HTTP Request,200,OK,Thread Group 1-20,text,true,,142914,146,30,30,https://test.bestviewsreviews.com/search/?q=laptop,57771,0,0
1630480455885,54542,HTTP Request,200,OK,Thread Group 1-14,text,true,,142914,146,30,30,https://test.bestviewsreviews.com/search/?q=laptop,54539,0,15
1630480456973,58865,HTTP Request,200,OK,Thread Group 1-1,text,true,,142914,146,30,30,https://test.bestviewsreviews.com/search/?q=laptop,58843,0,0
1630480469030,48278,HTTP Request,200,OK,Thread Group 1-27,text,true,,142914,146,30,30,https://test.bestviewsreviews.com/search/?q=laptop,48274,0,16
1630480462613,56777,HTTP Request,200,OK,Thread Group 1-23,text,true,,142914,146,30,30,https://test.bestviewsreviews.com/search/?q=laptop,56775,0,0
1630480462245,57319,HTTP Request,200,OK,Thread Group 1-2,text,true,,142914,146,30,30,https://test.bestviewsreviews.com/search/?q=laptop,57316,0,15
1630480462678,57549,HTTP Request,200,OK,Thread Group 1-18,text,true,,142914,146,30,30,https://test.bestviewsreviews.com/search/?q=laptop,57546,0,15
1630480464015,56955,HTTP Request,200,OK,Thread Group 1-4,text,true,,142914,146,30,30,https://test.bestviewsreviews.com/search/?q=laptop,56953,0,0
1630480474066,51032,HTTP Request,200,OK,Thread Group 1-22,text,true,,142914,146,30,30,https://test.bestviewsreviews.com/search/?q=laptop,51028,0,16
1630480472642,52714,HTTP Request,200,OK,Thread Group 1-21,text,true,,142914,146,30,30,https://test.bestviewsreviews.com/search/?q=laptop,52710,0,16
1630480474343,52419,HTTP Request,200,OK,Thread Group 1-30,text,true,,142914,146,30,30,https://test.bestviewsreviews.com/search/?q=laptop,52416,0,16
1630480468803,58259,HTTP Request,200,OK,Thread Group 1-6,text,true,,142914,146,30,30,https://test.bestviewsreviews.com/search/?q=laptop,58255,0,17
1630480477299,51739,HTTP Request,200,OK,Thread Group 1-26,text,true,,142914,146,30,30,https://test.bestviewsreviews.com/search/?q=laptop,51735,0,16
1630480476941,53108,HTTP Request,200,OK,Thread Group 1-25,text,true,,142914,146,30,30,https://test.bestviewsreviews.com/search/?q=laptop,53105,0,0
1630480477304,54616,HTTP Request,200,OK,Thread Group 1-5,text,true,,142914,146,30,30,https://test.bestviewsreviews.com/search/?q=laptop,54614,0,0
1630480484198,48461,HTTP Request,200,OK,Thread Group 1-8,text,true,,142914,146,30,30,https://test.bestviewsreviews.com/search/?q=laptop,48457,0,18
1630480480371,52676,HTTP Request,200,OK,Thread Group 1-7,text,true,,142914,146,30,30,https://test.bestviewsreviews.com/search/?q=laptop,52671,0,16
1630480484269,50677,HTTP Request,200,OK,Thread Group 1-24,text,true,,142914,146,30,30,https://test.bestviewsreviews.com/search/?q=laptop,50673,0,16
1630480483687,51798,HTTP Request,200,OK,Thread Group 1-28,text,true,,142914,146,30,30,https://test.bestviewsreviews.com/search/?q=laptop,51794,0,16
1630480486586,52492,HTTP Request,200,OK,Thread Group 1-13,text,true,,142914,146,30,30,https://test.bestviewsreviews.com/search/?q=laptop,52490,0,0
1630480492205,48096,HTTP Request,200,OK,Thread Group 1-12,text,true,,142914,146,30,30,https://test.bestviewsreviews.com/search/?q=laptop,48093,0,0
1630480497999,46551,HTTP Request,200,OK,Thread Group 1-17,text,true,,142914,146,30,30,https://test.bestviewsreviews.com/search/?q=laptop,46548,0,0
1630480497605,49135,HTTP Request,200,OK,Thread Group 1-10,text,true,,142914,146,30,30,https://test.bestviewsreviews.com/search/?q=laptop,49133,0,0
1630480498748,48096,HTTP Request,200,OK,Thread Group 1-3,text,true,,142914,146,30,30,https://test.bestviewsreviews.com/search/?q=laptop,48092,0,16
1630480500986,46100,HTTP Request,200,OK,Thread Group 1-19,text,true,,142914,146,30,30,https://test.bestviewsreviews.com/search/?q=laptop,46099,0,0
1630480504525,45818,HTTP Request,200,OK,Thread Group 1-29,text,true,,142914,146,30,30,https://test.bestviewsreviews.com/search/?q=laptop,45815,0,18
1630480504746,46021,HTTP Request,200,OK,Thread Group 1-11,text,true,,142914,146,30,30,https://test.bestviewsreviews.com/search/?q=laptop,46019,0,0
1630480503143,48445,HTTP Request,200,OK,Thread Group 1-15,text,true,,142914,146,30,30,https://test.bestviewsreviews.com/search/?q=laptop,48443,0,0
1630480503330,48369,HTTP Request,200,OK,Thread Group 1-9,text,true,,142914,146,30,30,https://test.bestviewsreviews.com/search/?q=laptop,48367,0,0
1630480510050,43921,HTTP Request,200,OK,Thread Group 1-20,text,true,,142914,146,30,30,https://test.bestviewsreviews.com/search/?q=laptop,43917,0,16
1630480510001,45283,HTTP Request,200,OK,Thread Group 1-16,text,true,,142914,146,30,30,https://test.bestviewsreviews.com/search/?q=laptop,45281,0,16
1630480510427,46643,HTTP Request,200,OK,Thread Group 1-14,text,true,,142914,146,30,30,https://test.bestviewsreviews.com/search/?q=laptop,46641,0,0
1630480515837,41245,HTTP Request,200,OK,Thread Group 1-1,text,true,,142914,146,30,30,https://test.bestviewsreviews.com/search/?q=laptop,41242,0,15
1630480517308,50189,HTTP Request,200,OK,Thread Group 1-27,text,true,,142914,146,30,30,https://test.bestviewsreviews.com/search/?q=laptop,50186,0,0
1630480519563,49870,HTTP Request,200,OK,Thread Group 1-2,text,true,,142914,146,30,30,https://test.bestviewsreviews.com/search/?q=laptop,49867,0,0
1630480519390,50541,HTTP Request,200,OK,Thread Group 1-23,text,true,,142914,146,30,30,https://test.bestviewsreviews.com/search/?q=laptop,50538,0,15
1630480520970,49089,HTTP Request,200,OK,Thread Group 1-4,text,true,,142914,146,30,30,https://test.bestviewsreviews.com/search/?q=laptop,49085,0,15
1630480520226,53471,HTTP Request,200,OK,Thread Group 1-18,text,true,,142914,146,30,30,https://test.bestviewsreviews.com/search/?q=laptop,53457,0,0
1630480525097,49269,HTTP Request,200,OK,Thread Group 1-22,text,true,,142914,146,30,30,https://test.bestviewsreviews.com/search/?q=laptop,49265,0,0
1630480526762,49051,HTTP Request,200,OK,Thread Group 1-30,text,true,,142914,146,30,30,https://test.bestviewsreviews.com/search/?q=laptop,49047,0,0
1630480525356,50552,HTTP Request,200,OK,Thread Group 1-21,text,true,,142914,146,30,30,https://test.bestviewsreviews.com/search/?q=laptop,50549,0,0
1630480530051,51482,HTTP Request,200,OK,Thread Group 1-25,text,true,,142914,146,30,30,https://test.bestviewsreviews.com/search/?q=laptop,51478,0,16
1630480533047,49038,HTTP Request,200,OK,Thread Group 1-7,text,true,,142914,146,30,30,https://test.bestviewsreviews.com/search/?q=laptop,49034,0,0
1630480529038,54677,HTTP Request,200,OK,Thread Group 1-26,text,true,,142914,146,30,30,https://test.bestviewsreviews.com/search/?q=laptop,54674,0,0
1630480527062,57061,HTTP Request,200,OK,Thread Group 1-6,text,true,,142914,146,30,30,https://test.bestviewsreviews.com/search/?q=laptop,57057,0,0
1630480532660,51765,HTTP Request,200,OK,Thread Group 1-8,text,true,,142914,146,30,30,https://test.bestviewsreviews.com/search/?q=laptop,51761,0,0
